code,codein,name,high,low,varBid,pctChange,bid,ask,timestamp,create_date,moeda
BTC,BRL,Bitcoin/Real Brasileiro,599000,591450,6263,1.057,598840,598841,1749402194,2025-06-08 14:03:14,BTC
,,,595999,584270,7445,1.269,594061,594062,1749340785,,BTC
,,,593914,568693,15804,2.769,586639,586640,1749254379,,BTC
,,,596717,563594,-22105,-3.728,570835,570836,1749167992,,BTC
,,,600910,589040,-4640,-0.777,592871,592872,1749081575,,BTC
,,,606034,596533,-5413,-0.898,597511,597512,1748995171,,BTC
,,,609322,592144,-4675,-0.769,602924,602925,1748908794,,BTC
,,,608849,599500,3763,0.623,607553,607554,1748822396,,BTC
,,,606305,596143,2882,0.48,603708,603709,1748735964,,BTC
,,,607704,594944,-2008,-0.333,600801,600802,1748649580,,BTC
,,,621850,600606,-12727,-2.067,602747,602774,1748563168,,BTC
,,,621940,610025,-3981,-0.643,615598,615599,1748476767,,BTC
,,,630099,614528,-5086,-0.814,619577,619578,1748390392,,BTC
,,,629000,620268,3514,0.566,624538,624539,1748303998,,BTC
,,,621726,607709,7451,1.214,621187,621189,1748217581,,BTC
,,,623500,609189,2511,0.411,613685,613686,1748131178,,BTC
,,,636306,608696,-24744,-3.89,611303,611310,1748044773,,BTC
,,,636080,617323,15432,2.487,635888,635889,1747958399,,BTC
,,,625000,601608,14138,2.332,620408,620466,1747871957,,BTC
,,,609431,591634,8398,1.405,606192,606289,1747785575,,BTC
,,,607821,581651,-6425,-1.063,597856,597857,1747699166,,BTC
,,,605780,589025,15472,2.627,604605,604637,1747612773,,BTC
,,,591783,585163,-482,-0.082,589025,589026,1747526375,,BTC
,,,595137,587256,-1731,-0.293,589669,589670,1747439972,,BTC
,,,592621,573265,5796,0.99,591343,591357,1747353572,,BTC
,,,586452,578053,-149,-0.025,585551,585553,1747267191,,BTC
,,,590500,578174,338,0.058,585735,585736,1747180769,,BTC
,,,601000,575500,-7288,-1.23,585396,585397,1747094369,,BTC
,,,597774,588707,-4214,-0.706,592599,592640,1747007960,,BTC
,,,597995,584638,11384,1.944,596988,596989,1746921594,,BTC
,,,592268,579930,-1814,-0.309,585599,585600,1746835167,,BTC
,,,590900,558061,28738,5.143,587473,587500,1746748795,,BTC
,,,560339,549452,4773,0.862,558702,558703,1746662355,,BTC
,,,554363,533715,14115,2.615,553952,553985,1746575993,,BTC
,,,542400,530489,2283,0.425,539781,539782,1746489559,,BTC
,,,555003,546557,-2366,-0.43,547259,547260,1746255641,,BTC
,,,555003,546557,1212,0.221,550790,550791,1746230393,,BTC
,,,555206,536522,12824,2.389,549578,549579,1746143982,,BTC
,,,539383,528301,3802,0.713,536754,536755,1746057587,,BTC
,,,541935,529599,-6093,-1.13,532995,532996,1745971190,,BTC
,,,545888,531738,2059,0.383,539087,539088,1745884784,,BTC
,,,545613,536250,-4812,-0.888,536975,536976,1745798378,,BTC
,,,544400,538201,616,0.114,541842,541843,1745711996,,BTC
,,,545820,529351,5123,0.955,541366,541367,1745625576,,BTC
,,,538350,525513,-2072,-0.385,536243,536244,1745539178,,BTC
,,,541961,526069,1814,0.338,538316,538347,1745452776,,BTC
,,,538620,506833,25883,5.07,536414,536418,1745366353,,BTC
,,,517726,498737,11222,2.248,510515,510517,1745279985,,BTC
,,,502000,492176,-538,-0.108,499301,499303,1745193585,,BTC
,,,502362,494401,4825,0.975,499873,499890,1745107163,,BTC
,,,497218,493337,-58,-0.012,495024,495051,1745020750,,BTC
,,,500178,492750,1029,0.208,495164,495193,1744934365,,BTC
,,,502241,490255,664,0.135,494248,494249,1744847957,,BTC
,,,508600,493058,-4029,-0.81,493372,493373,1744761576,,BTC
,,,503627,492579,2891,0.585,497381,497394,1744675167,,BTC
,,,506444,489681,-8009,-1.594,494572,494591,1744588764,,BTC
,,,505936,488521,10819,2.2,502590,502591,1744502391,,BTC
,,,495549,467063,21359,4.54,491777,491779,1744415997,,BTC
,,,483969,467018,-12182,-2.522,470646,470648,1744329567,,BTC
,,,488400,450828,22643,4.919,482842,482939,1744243190,,BTC
,,,480465,458578,-10563,-2.244,460249,460321,1744156755,,BTC
,,,477078,439016,8244,1.784,470523,470552,1744070380,,BTC
,,,492398,455081,-29043,-5.914,461954,461969,1743983986,,BTC
,,,494448,484551,506,0.103,491093,491130,1743897567,,BTC
,,,494204,463112,27122,5.816,493436,493710,1743802788,,BTC
,,,478604,456666,112,0.024,470847,470848,1743724763,,BTC
,,,503088,469833,-14202,-2.928,470862,470874,1743638355,,BTC
,,,488065,472182,12227,2.586,485075,485076,1743551970,,BTC
,,,483109,471300,-5568,-1.164,472849,472851,1743465579,,BTC
,,,485585,473874,-1354,-0.282,478417,478418,1743379175,,BTC
,,,490940,474830,-9628,-1.967,479771,479772,1743292769,,BTC
,,,503680,482306,-12414,-2.473,489498,489499,1743206388,,BTC
,,,504500,495481,1671,0.334,502034,502040,1743119972,,BTC
,,,505314,493427,419,0.084,500281,500323,1743033579,,BTC
,,,510793,493942,6611,1.338,500522,500523,1742871918,,BTC
,,,510793,491000,10049,2.03,505132,505189,1742860777,,BTC
,,,495440,483504,11341,2.345,495000,495003,1742774355,,BTC
,,,486950,482767,-556,-0.115,483658,483659,1742687983,,BTC
,,,486087,476957,5314,1.11,484213,484214,1742601576,,BTC
,,,495107,475000,-12863,-2.616,478890,478900,1742515178,,BTC
,,,492650,469663,20165,4.277,491766,491767,1742428797,,BTC
,,,479193,462000,-7596,-1.585,471536,471537,1742342368,,BTC
,,,484550,473300,1445,0.302,479269,479407,1742255956,,BTC
,,,492500,474401,-9463,-1.941,477946,477986,1742169580,,BTC
,,,489332,483419,2045,0.421,487361,487409,1742083184,,BTC
,,,489499,469791,13616,2.887,485212,485256,1741996775,,BTC
,,,491360,465000,-15347,-3.153,471549,471647,1741910380,,BTC
,,,493178,471001,2621,0.542,486604,486605,1741823968,,BTC
,,,487328,451938,21282,4.599,483999,484000,1741737580,,BTC
,,,491682,456632,-10162,-2.151,462300,462318,1741651168,,BTC
,,,505199,468280,-30821,-6.122,472607,472616,1741564774,,BTC
,,,506457,497201,-2610,-0.516,503360,503433,1741478363,,BTC
,,,529102,493000,-15709,-3.012,505700,505886,1741391968,,BTC
,,,535641,508447,-2358,-0.45,521473,521544,1741305587,,BTC
,,,535530,509197,9529,1.853,523624,523697,1741219171,,BTC
,,,523822,483350,2386,0.466,514144,514201,1741132786,,BTC
,,,559244,504500,-46504,-8.329,511807,511818,1741046378,,BTC
,,,562887,504437,48656,9.547,558281,558311,1740959964,,BTC
,,,513552,497536,9956,1.992,509646,509738,1740873586,,BTC
,,,503750,459643,3944,0.795,499684,499744,1740787177,,BTC
,,,507615,483413,4895,0.997,495840,495873,1740700773,,BTC
,,,516321,479150,-21754,-4.243,490898,490960,1740614395,,BTC
,,,537766,498539,-18170,-3.422,512571,512771,1740527971,,BTC
,,,555253,529782,-22973,-4.152,530293,530373,1740441553,,BTC
,,,556469,548200,-2423,-0.44,553133,553524,1740355185,,BTC
,,,558000,551361,2063,0.37,555556,556072,1740268741,,BTC
,,,569590,545500,-8441,-1.5,552706,553483,1740182394,,BTC
,,,563778,552060,8574,1.55,561700,561934,1740095947,,BTC
,,,554900,542502,7360,1.35,553359,553404,1740009593,,BTC
,,,554943,533165,-4794,-0.87,545612,545947,1739923173,,BTC
,,,561405,555500,3918,0.7,560609,560852,1739663997,,BTC
,,,565800,552000,-204,-0.04,556934,557399,1739577590,,BTC
,,,565126,550000,-6508,-1.15,557232,557397,1739491139,,BTC
,,,565126,545000,10137,1.83,563587,563964,1739404784,,BTC
,,,568819,548875,-12085,-2.14,552917,553100,1739318358,,BTC
,,,571106,558418,66,0.01,564372,564372,1739231986,,BTC
,,,570000,555500,-727,-0.13,564936,565501,1739145531,,BTC
,,,567700,560148,2039,0.36,565102,566067,1739059164,,BTC
,,,578351,557797,5604,1,563063,563494,1738972764,,BTC
,,,576508,559302,-5282,-0.93,561282,561753,1738799942,,BTC
,,,592200,556700,-22757,-3.86,566753,567240,1738713553,,BTC
,,,597000,543100,13042,2.26,589942,590354,1738627172,,BTC
,,,598108,568279,-16290,-2.75,576952,577174,1738540766,,BTC
,,,602357,591617,-5715,-0.95,593618,594165,1738454374,,BTC
,,,619255,595300,-13390,-2.18,599649,600081,1738367963,,BTC
,,,626849,601636,10012,1.66,613147,613239,1738281502,,BTC
,,,613869,594283,7536,1.27,603135,603922,1738195159,,BTC
,,,611613,589580,-8346,-1.38,595557,595612,1738108786,,BTC
,,,615573,583068,-7070,-1.16,603800,604116,1738022363,,BTC
,,,624901,610500,-9641,-1.55,611266,611633,1737935975,,BTC
,,,625000,617341,-991,-0.16,620623,620813,1737849552,,BTC
,,,630803,609821,4973,0.81,621369,621805,1737763173,,BTC
,,,633995,605041,-2503,-0.4,616635,617096,1737676790,,BTC
,,,641839,615019,-22096,-3.44,619000,619335,1737590399,,BTC
,,,647495,608008,22211,3.59,641017,641523,1737503965,,BTC
,,,664484,610055,-3588,-0.58,618014,618612,1737417546,,BTC
,,,652000,611612,-15954,-2.5,620867,620919,1737331191,,BTC
,,,638762,621067,7313,1.16,638002,638605,1737244774,,BTC
,,,640950,600960,29822,4.96,630805,630805,1737158326,,BTC
,,,607981,586430,167,0.03,601262,601840,1737071924,,BTC
,,,607222,584548,16165,2.76,600716,601071,1736985560,,BTC
,,,591175,575500,8005,1.39,584632,585065,1736899199,,BTC
,,,585500,550000,-930,-0.16,576564,576909,1736812758,,BTC
,,,585200,574760,-3257,-0.56,577717,578278,1736726345,,BTC
,,,583900,577000,-1008,-0.17,581061,581560,1736639993,,BTC
,,,586018,561227,20238,3.6,581443,581779,1736553551,,BTC
,,,587240,554034,-23246,-3.97,561515,562022,1736467183,,BTC
,,,598786,574320,-10734,-1.8,584745,585109,1736380760,,BTC
,,,626733,590012,-28071,-4.5,595220,595568,1736294362,,BTC
,,,627906,606805,12308,2.01,623064,623508,1736207973,,BTC
,,,612250,604480,1536,0.25,611200,611338,1736121591,,BTC
,,,612250,604610,2205,0.36,609558,609802,1736035194,,BTC
,,,614000,594056,8704,1.45,607051,607451,1735948741,,BTC
,,,607109,587022,9922,1.69,598747,598999,1735862342,,BTC
,,,591790,580000,5560,0.95,588327,588812,1735775992,,BTC
,,,599000,573000,6343,1.1,583265,583747,1735689595,,BTC
,,,590700,568779,-7918,-1.35,576555,577009,1735603158,,BTC
,,,594382,580386,-8986,-1.51,584142,584474,1735516797,,BTC
,,,595325,587000,5562,0.95,593613,594047,1735430350,,BTC
,,,605600,581000,-6073,-1.02,587494,588051,1735343997,,BTC
,,,624795,591355,-26116,-4.21,594124,594628,1735257540,,BTC
,,,621546,610000,4762,0.77,620286,620779,1735171156,,BTC
,,,620896,583330,24990,4.23,615810,616067,1735084748,,BTC
,,,596991,577000,4445,0.76,590355,590796,1734998373,,BTC
,,,599365,581000,-11386,-1.91,586166,586351,1734911953,,BTC
,,,611959,593640,-3657,-0.61,597150,597416,1734825576,,BTC
,,,608715,565818,-3351,-0.55,600765,601322,1734739155,,BTC
,,,650910,590209,-28421,-4.49,605000,605106,1734652747,,BTC
,,,654471,631906,-18925,-2.9,633048,633305,1734566354,,BTC
,,,669980,647108,2622,0.4,651644,652179,1734479949,,BTC
,,,656667,626450,15070,2.38,648889,649203,1734393545,,BTC
,,,637500,617000,16070,2.6,633333,633913,1734307154,,BTC
,,,619685,612590,3516,0.57,617297,617791,1734220764,,BTC
,,,616790,598507,11374,1.89,613765,614283,1734134362,,BTC
,,,614990,592922,-4570,-0.75,602055,602940,1734047990,,BTC
,,,610606,583258,18557,3.15,606616,606960,1733961542,,BTC
,,,602750,574500,-9597,-1.6,588403,588933,1733875199,,BTC
,,,620112,581543,-21739,-3.51,598000,598407,1733788773,,BTC
,,,620851,606796,6653,1.08,619443,619943,1733702357,,BTC
,,,616036,606000,5006,0.82,612914,613290,1733615939,,BTC
ETH,BRL,Ethereum/Real Brasileiro,14304.1,14025.7,91.01,0.644,14223.8,14223.8,1749401242,2025-06-08 13:47:22,ETH
,,,14304.1,13817.7,280.17,2.012,14203.7,14205.8,1749340765,,ETH
,,,14269.2,13405,347.61,2.561,13921.7,13921.8,1749254378,,ETH
,,,14926.6,13429.5,-1191.2,-8.066,13575.5,13577.3,1749167993,,ETH
,,,15150,14660,64.04,0.436,14766.7,14767.5,1749081587,,ETH
,,,15082,14602.6,-149.42,-1.006,14700.9,14700.9,1748995159,,ETH
,,,14899.8,14130.6,258.33,1.771,14842.2,14844.9,1748908754,,ETH
,,,14700,14281.8,3.39,0.023,14593.1,14593.1,1748822385,,ETH
,,,14747.5,14324.3,-35.21,-0.241,14587.7,14587.7,1748735957,,ETH
,,,15111.7,14477.1,-406,-2.703,14626.5,14626.5,1748649594,,ETH
,,,15899.9,14900,-291.07,-1.901,15022.8,15024.6,1748563171,,ETH
,,,15343.2,14819.3,180.87,1.195,15316.9,15316.9,1748476783,,ETH
,,,15408.7,14344.5,502.39,3.433,15134.5,15136.1,1748390379,,ETH
,,,14750,14386.8,96.7,0.665,14633.7,14633.7,1748303968,,ETH
,,,14555,14032,129.89,0.902,14537.1,14537.2,1748217575,,ETH
,,,14665.5,14320,19.6,0.136,14412,14412,1748131160,,ETH
,,,15507,14269.3,-772.65,-5.093,14396.9,14397.2,1748044791,,ETH
,,,15189.7,14400.5,736.65,5.104,15163.8,15165.5,1747958378,,ETH
,,,14809.5,13920,112.04,0.782,14435.3,14435.3,1747871966,,ETH
,,,14617,13903.6,9.32,0.065,14325.8,14328.5,1747785598,,ETH
,,,14419.1,13393,121.63,0.857,14314.5,14315.9,1747699171,,ETH
,,,14757.8,13269.9,42.99,0.304,14182.9,14188.3,1747612780,,ETH
,,,14458.7,13984.5,-325.25,-2.25,14133,14140.8,1747526388,,ETH
,,,15067.3,14401.5,-66.16,-0.455,14458.1,14458.8,1747439989,,ETH
,,,14962.4,14023,-236.64,-1.603,14523.6,14525,1747353593,,ETH
,,,15326.8,14352.5,-312.58,-2.074,14758.4,14759.7,1747267149,,ETH
,,,15380.6,13763.3,852.25,5.994,15072.3,15075.3,1747180761,,ETH
,,,14868.2,13757.3,-81.45,-0.57,14218.8,14219.5,1747094363,,ETH
,,,14844.2,13886.8,-410.34,-2.787,14316.7,14318.2,1747007985,,ETH
,,,14800,13185.3,1389.74,10.423,14719.4,14721.9,1746921599,,ETH
,,,14130,12437.6,790.31,6.297,13338,13340.4,1746835157,,ETH
,,,12630.3,10421.3,2119.91,20.325,12550.3,12552.6,1746748767,,ETH
,,,10570,10293.6,31.02,0.298,10430.3,10431.3,1746662394,,ETH
,,,10404.7,10010,19.79,0.191,10393.2,10394.4,1746575975,,ETH
,,,10440,10138.4,64.04,0.621,10370.4,10371.5,1746489578,,ETH
,,,10592.2,10324.3,-18.97,-0.182,10395.2,10398.4,1746255657,,ETH
,,,10592.2,10324.3,1.64,0.016,10472.8,10472.8,1746230364,,ETH
,,,10667.7,10220.1,247.95,2.425,10470,10473.2,1746143974,,ETH
,,,10297.4,9840.86,60.27,0.593,10221,10222.2,1746057563,,ETH
,,,10458,10060.8,-47.07,-0.461,10168.1,10168.5,1745971188,,ETH
,,,10433.3,9960,-56.02,-0.546,10209.2,10213.1,1745884766,,ETH
,,,10630,10208.7,-148.11,-1.421,10263.3,10263.3,1745798386,,ETH
,,,10524.1,10194.2,213.22,2.088,10425.1,10425.9,1745711990,,ETH
,,,10423.7,9900,106.4,1.053,10203,10204.4,1745625597,,ETH
,,,10338.4,9881.67,-220.43,-2.137,10096.6,10096.7,1745539181,,ETH
,,,10457.6,10020.7,234.89,2.329,10315.7,10319.4,1745452748,,ETH
,,,10200,8956.02,869.67,9.437,10083.3,10085,1745366371,,ETH
,,,9673.57,9122.78,-91.5,-0.983,9214.32,9215.33,1745279995,,ETH
,,,9517,9182.42,-162.59,-1.716,9304.65,9305.13,1745193552,,ETH
,,,9564.08,9287.07,162.14,1.742,9470.3,9472.09,1745107178,,ETH
,,,9367.83,9202,79.01,0.856,9307.77,9313.76,1745020779,,ETH
,,,9469.98,9200,-55.48,-0.598,9228.1,9230.5,1744934354,,ETH
,,,9487.64,9061.49,-89.06,-0.951,9274.11,9277.23,1744847992,,ETH
,,,9769.24,9340.1,-179.25,-1.877,9368.94,9372.82,1744761577,,ETH
,,,9944.06,9432.58,108.93,1.154,9548.9,9551.51,1744675186,,ETH
,,,9720.98,9220,-252.23,-2.604,9430.12,9432.97,1744588771,,ETH
,,,9851.91,9121.29,452.26,4.897,9690.47,9692.15,1744502390,,ETH
,,,9350.04,8900,240.53,2.674,9236.28,9236.43,1744415999,,ETH
,,,9764.27,8779.86,-760.06,-7.784,8999.97,9001.68,1744329558,,ETH
,,,9854.84,8369.16,879.32,9.893,9758.46,9764.27,1744243180,,ETH
,,,9609.69,8731.89,-352,-3.809,8881.09,8885.11,1744156798,,ETH
,,,9563,8318.79,-80.05,-0.86,9226.02,9230.7,1744070375,,ETH
,,,10676,9070,-1311.35,-12.345,9303.71,9310.54,1743983957,,ETH
,,,10721.5,10388.6,-5.72,-0.054,10622.2,10624.6,1743897556,,ETH
,,,10686,9984,491.35,4.825,10671.2,10674.4,1743802755,,ETH
,,,10497.5,9851.21,50.44,0.493,10284.5,10287.7,1743724757,,ETH
,,,11104.8,10164.8,-614,-5.659,10241.1,10246.4,1743638377,,ETH
,,,11004.5,10422,410.39,3.931,10850,10851,1743551983,,ETH
,,,10684.9,10310.8,-48.17,-0.459,10440,10441.4,1743465585,,ETH
,,,10734.5,10273.7,-117.82,-1.11,10494.2,10497.2,1743379187,,ETH
,,,11100,10453.7,-379.05,-3.447,10611.5,10611.8,1743292775,,ETH
,,,11603.7,10764,-536.28,-4.651,10996.5,10998,1743206363,,ETH
,,,11707.5,11464.1,-39.04,-0.337,11531.7,11532.5,1743119985,,ETH
,,,11883.7,11387.5,-244.72,-2.072,11567.8,11568.9,1743033596,,ETH
,,,12105,11476.8,396.73,3.455,11876.4,11879.2,1742871954,,ETH
,,,12105,11351.2,482.64,4.183,12020.7,12028.9,1742860777,,ETH
,,,11644.4,11407.3,111.9,0.979,11539.7,11542.2,1742774395,,ETH
,,,11559.2,11316.4,109.83,0.97,11428.7,11429.6,1742687989,,ETH
,,,11389.3,11100,36.47,0.323,11319.4,11319.4,1742601574,,ETH
,,,11702.1,11090,-368.05,-3.161,11277.4,11278.1,1742515161,,ETH
,,,11718.8,10972.9,642.29,5.834,11645.7,11647.6,1742428781,,ETH
,,,11029.9,10648.3,22.19,0.202,11006,11008.1,1742342384,,ETH
,,,11119.9,10836.3,66.28,0.607,10984.6,10989,1742255964,,ETH
,,,11218.3,10765.2,-274.22,-2.449,10923.8,10928.3,1742169566,,ETH
,,,11307.4,11006.4,149.85,1.357,11195,11197.1,1742083192,,ETH
,,,11189.6,10816,189.89,1.752,11042.3,11044.4,1741996776,,ETH
,,,11204,10616.4,-259.87,-2.342,10836.4,10837.7,1741910365,,ETH
,,,11422.7,10695,-132.4,-1.179,11096.5,11099.7,1741823991,,ETH
,,,11453.6,10355.9,232.29,2.114,11218.6,11219.8,1741737570,,ETH
,,,12586.6,10679.4,-872.84,-7.372,10978.8,10984.3,1741651176,,ETH
,,,12915.3,11648.6,-1040.45,-8.087,11824.4,11827.1,1741564773,,ETH
,,,13041.3,12287.4,382.36,3.063,12863.8,12864.9,1741478354,,ETH
,,,13095,12235.5,-299.31,-2.344,12477.3,12478.8,1741391963,,ETH
,,,13385.9,12612.3,-187.7,-1.449,12766.7,12769.2,1741305575,,ETH
,,,13340.3,12590.5,163.2,1.276,12955.8,12959.3,1741219191,,ETH
,,,13063.4,11855.8,37.79,0.296,12783.4,12792.4,1741132756,,ETH
,,,14946.7,12449.7,-2156.94,-14.459,12757.3,12760.5,1741046375,,ETH
,,,15090,12907.1,1782.58,13.571,14913.4,14918,1740959985,,ETH
,,,13534.4,12737.2,-104.73,-0.79,13130.7,13134.7,1740873571,,ETH
,,,13540.7,12203.8,-256.11,-1.896,13248.9,13252.7,1740787197,,ETH
,,,13882.3,13050.1,-124.62,-0.914,13499.8,13502.6,1740700794,,ETH
,,,14457.6,13130,-819.05,-5.677,13618,13619.4,1740614354,,ETH
,,,14682.7,13465.3,-166.58,-1.142,14414.1,14426,1740527979,,ETH
,,,16319.7,14321,-1637.8,-10.107,14558.7,14565,1740441554,,ETH
,,,16398.2,15812.6,299.61,1.88,16190.7,16227,1740355194,,ETH
,,,16106.8,15255,604.38,3.95,15889.4,15920,1740268735,,ETH
,,,16284.8,15038.7,-348.9,-2.23,15285.4,15319.8,1740182364,,ETH
,,,15834.3,15462.3,109.15,0.7,15630.7,15666.8,1740095993,,ETH
,,,15655.1,15180.3,294.4,1.93,15523.4,15555.5,1740009532,,ETH
,,,15871.4,14915.1,-556.9,-3.52,15232.3,15264.6,1739923172,,ETH
,,,16313.8,15173.4,503.3,3.29,15786.2,15819.3,1739836741,,ETH
,,,15628.4,15272.5,-148.9,-0.96,15294.8,15328,1739750360,,ETH
,,,15621.3,15325.5,-90.15,-0.58,15461.4,15496.8,1739663950,,ETH
,,,15957.6,15389.5,146.47,0.95,15553.7,15588.1,1739577559,,ETH
,,,15897.8,15111.4,-365.18,-2.31,15408.3,15439.4,1739491188,,ETH
,,,16092.8,14709.7,764.95,5.09,15763.3,15798.3,1739404757,,ETH
,,,15755.7,14835.4,-413.27,-2.68,15004.7,15038.7,1739318357,,ETH
,,,15624.1,15005.7,41.3,0.27,15422.9,15449.2,1739231977,,ETH
,,,15770,14827.9,-27.47,-0.18,15393.7,15406.1,1739145596,,ETH
,,,15576.3,15192.2,75.3,0.49,15391.1,15438.7,1739059185,,ETH
,,,16177.3,15000.4,-227.23,-1.46,15304.6,15337.7,1738972775,,ETH
,,,16640.9,15429.9,-646.48,-3.99,15522.9,15580.9,1738886335,,ETH
,,,16455.8,15633.7,391.67,2.47,16217.5,16222.7,1738799954,,ETH
,,,16809.8,15245.3,-928.95,-5.54,15808,15850.9,1738713544,,ETH
,,,16995.6,12821.5,-193.99,-1.14,16745.8,16782.8,1738627193,,ETH
,,,18638.9,16311.8,-1431.7,-7.79,16922.2,16961.5,1738540753,,ETH
,,,19521.5,18275.9,-916.43,-4.75,18360.8,18402.3,1738454342,,ETH
,,,20088.4,18813.3,289.59,1.52,19288.9,19333.3,1738367991,,ETH
,,,19375,18000,885.79,4.89,19000,19029.2,1738281570,,ETH
,,,18634.1,18000,27.76,0.15,18103.5,18140.5,1738195141,,ETH
,,,19079.8,17910.9,-735.81,-3.91,18070,18108.1,1738108748,,ETH
,,,19415.5,18038,-458.83,-2.38,18787.8,18827.1,1738022347,,ETH
,,,19889.3,19255.3,-367.32,-1.87,19260.9,19303.2,1737935936,,ETH
,,,19914.1,19351.8,44.89,0.23,19631.9,19669.4,1737849581,,ETH
,,,20276.7,19406,-200.06,-1.01,19594.5,19633.3,1737763181,,ETH
,,,19868.9,19006.8,461.58,2.38,19803.7,19851.8,1737676750,,ETH
,,,20326.6,19295,-774.15,-3.85,19328.8,19375.8,1737590370,,ETH
,,,20333.3,19464.8,263.2,1.33,20096.3,20154.9,1737503951,,ETH
,,,20932.1,19326.9,104.23,0.53,19832,19884.7,1737417570,,ETH
,,,21129.8,19188.6,-502.18,-2.48,19704.4,19752.8,1737331161,,ETH
,,,21201.9,19652.2,-835.74,-3.97,20203.6,20244.4,1737244771,,ETH
,,,21393.3,19868.4,1176.95,5.92,21039,21084.9,1737158240,,ETH
,,,20760.2,19703.3,-768.09,-3.72,19865.4,19907.8,1737071930,,ETH
,,,20968.3,19303.3,1100.05,5.62,20655.2,20701,1736985590,,ETH
,,,19775.9,19056,388.46,2.03,19519.5,19563.1,1736899149,,ETH
,,,20350,18058,-817.3,-4.09,19124.5,19169.2,1736812750,,ETH
,,,20248.2,19771.4,-216.81,-1.07,19949.2,19990.9,1736726379,,ETH
,,,20383.8,19775.5,124.87,0.62,20162.7,20202.7,1736639997,,ETH
,,,20286.2,19538.7,503.41,2.57,20046.2,20087.9,1736553549,,ETH
,,,20660.8,19157.7,-894.47,-4.37,19546.2,19590.7,1736467149,,ETH
,,,21028.9,19800,-307.75,-1.48,20450.1,20486.6,1736380778,,ETH
,,,22601.5,20630.6,-1708.98,-7.6,20750.9,20793,1736294364,,ETH
,,,22925.2,22205.4,-110.78,-0.49,22462.4,22482.1,1736207948,,ETH
,,,22766,22312.8,-104.58,-0.46,22561.8,22606.7,1736121558,,ETH
,,,22766,22112.8,354.42,1.59,22663.2,22710.3,1736035173,,ETH
,,,22500,21163.7,981.46,4.6,22308,22352.3,1735948769,,ETH
,,,21834.2,20868.4,437.7,2.09,21325.9,21376.4,1735862382,,ETH
,,,21046.8,20642,117.07,0.56,20885.5,20932.1,1735775958,,ETH
,,,21478.9,20626.6,-46.37,-0.22,20782,20830.4,1735689558,,ETH
,,,21400,20549.1,-42.21,-0.2,20865,20915.1,1735603181,,ETH
,,,21282.3,20752.2,-295.68,-1.39,20897,20945.4,1735516780,,ETH
,,,21337.9,20720.5,429.95,2.07,21198,21245.3,1735430379,,ETH
,,,21380.4,20587,94.65,0.46,20766.2,20812.3,1735343948,,ETH
,,,21954.4,20550,-1157.2,-5.29,20677.6,20721.6,1735257547,,ETH
,,,22100,21501.3,20.41,0.09,21811.6,21863.5,1735171153,,ETH
,,,22085.4,20917.6,514.12,2.41,21795.5,21850.2,1735084742,,ETH
,,,21580.9,19848.5,1079.23,5.34,21280.2,21324.5,1734998347,,ETH
,,,20921.6,19879.4,-305.4,-1.49,20186.7,20231.3,1734911998,,ETH
,,,21863.8,20244.2,-806.69,-3.78,20503.5,20554.5,1734825547,,ETH
,,,21505,19219.4,191.27,0.9,21328.1,21384.8,1734739180,,ETH
,,,23588.4,20606.7,-1760.84,-7.67,21170.2,21196.8,1734652798,,ETH
,,,24343.8,22900,-992.05,-4.15,22912.8,22960,1734566348,,ETH
,,,24853.5,23647.9,-524.89,-2.15,23844.7,23904,1734479953,,ETH
,,,25000,23540.1,333.04,1.39,24382.4,24435,1734393548,,ETH
,,,24096.1,23361.9,447.5,1.9,23999.4,24052.9,1734307172,,ETH
,,,23841.2,23317.2,-80.32,-0.34,23554.4,23603.2,1734220737,,ETH
,,,24000,23245.2,241.9,1.03,23658.2,23706.4,1734134356,,ETH
,,,23985.7,22767.5,452.17,1.97,23415.3,23469.8,1734047937,,ETH
,,,23217.1,21703.6,866.82,3.92,22969.8,23018.2,1733961589,,ETH
,,,23238.1,21500,-695.6,-3.05,22103.3,22153.2,1733875156,,ETH
LTC,BRL,Litecoin/Real Brasileiro,500.1,487.4,-2.6,-0.52,497,497.1,1749401190,2025-06-08 13:46:30,LTC
,,,501.9,487.1,6.6,1.345,497.1,497.2,1749340774,,LTC
,,,491.8,467.9,19.6,4.163,490.4,490.5,1749254359,,LTC
,,,504.4,459.9,-28,-5.621,469.9,470,1749167973,,LTC
,,,515.5,495.1,-9.4,-1.852,498,498.2,1749081587,,LTC
,,,515.3,502.8,-2.5,-0.49,507.3,507.4,1748995164,,LTC
,,,516.9,500.2,2,0.394,509.8,509.9,1748908752,,LTC
,,,510.5,495.4,5.6,1.115,508.1,508.2,1748822378,,LTC
,,,507.8,481.6,7.3,1.474,501.9,502.1,1748735963,,LTC
,,,535.3,490.3,-37.6,-7.07,494.2,494.6,1748649557,,LTC
,,,563.5,530.3,-12.5,-2.295,532,532.2,1748563187,,LTC
,,,553.2,534,-1,-0.183,544.6,544.7,1748476790,,LTC
,,,551.1,532.3,3.3,0.608,545.7,545.8,1748390317,,LTC
,,,555,538.2,-2.7,-0.495,542.4,542.5,1748303975,,LTC
,,,546.8,531,0.5,0.092,544.4,545,1748217582,,LTC
,,,556.7,540.7,1.9,0.35,544.4,544.5,1748131176,,LTC
,,,583.2,539.8,-28.8,-5.04,542.5,542.6,1748044776,,LTC
,,,576.1,549.8,21.6,3.927,570,571,1747958384,,LTC
,,,557,523.7,15.6,2.921,549.3,549.6,1747871976,,LTC
,,,562.4,524.1,-20.6,-3.702,535.8,536.5,1747785572,,LTC
,,,574.9,538.1,-16.8,-2.93,556.3,557.1,1747699188,,LTC
,,,583.7,548.5,24.7,4.502,572.3,573.3,1747612755,,LTC
,,,576.8,546.8,-20.7,-3.632,548.3,548.9,1747526360,,LTC
,,,580.7,561.1,1,0.177,566.3,566.9,1747439954,,LTC
,,,576.5,539.9,-5.9,-1.034,565.6,565.8,1747353585,,LTC
,,,595,555.7,-11.1,-1.908,571,571.3,1747267195,,LTC
,,,595,563.1,-7.7,-1.303,581.8,582.1,1747180791,,LTC
,,,596.6,563.1,22.5,3.952,591.2,591.8,1747094377,,LTC
,,,603.8,560.5,-30.5,-5.088,569.5,571,1747007963,,LTC
,,,607.6,571.4,28.1,4.918,599.6,599.9,1746921594,,LTC
,,,575.9,535.4,30.7,5.68,571.7,572,1746835162,,LTC
,,,541.4,514.9,24.5,4.758,539.8,540.1,1746748757,,LTC
,,,535.7,503,-9.4,-1.794,515.2,515.4,1746662361,,LTC
,,,530,462.8,51.3,10.811,523.4,524.2,1746575963,,LTC
,,,508.4,468.9,-9.6,-1.983,474.4,474.7,1746489557,,LTC
,,,507.8,494.8,-6,-1.197,494.5,494.7,1746255653,,LTC
,,,517.5,496,-6.8,-1.341,500.1,500.3,1746230385,,LTC
,,,518.1,475.7,30.6,6.431,506.2,506.4,1746143962,,LTC
,,,489.3,464.1,-8.1,-1.673,476.2,476.4,1746057582,,LTC
,,,493.4,478.3,-3.1,-0.637,483.7,483.9,1745971195,,LTC
,,,501.9,478.6,-3.4,-0.695,486.2,486.4,1745884766,,LTC
,,,501.3,484.9,-9.9,-1.98,488.7,489.3,1745798350,,LTC
,,,504.2,489.4,3.5,0.708,498.4,498.5,1745711975,,LTC
,,,498.2,473.3,12.6,2.62,493.1,493.9,1745625560,,LTC
,,,482.7,462.5,2.6,0.543,481.1,481.3,1745539154,,LTC
,,,488,471.1,-1.8,-0.375,477.8,478.5,1745452789,,LTC
,,,485.9,450.8,24.8,5.453,479.4,479.6,1745366395,,LTC
,,,476.1,452.3,0.3,0.066,455.6,456,1745279992,,LTC
,,,460,442.4,8.5,1.901,455.8,456.1,1745193568,,LTC
,,,449.5,437,1.9,0.426,447,447.1,1745107166,,LTC
,,,451.3,435.8,8.3,1.898,445.1,445.8,1745020777,,LTC
,,,445.7,435,-0.7,-0.16,436.6,436.9,1744934354,,LTC
,,,451,432.1,-6.8,-1.53,437,437.6,1744847938,,LTC
,,,462.4,441.9,-9.7,-2.137,443.8,444.4,1744761582,,LTC
,,,473.9,447.1,-6.4,-1.392,453.6,454,1744675183,,LTC
,,,471.9,451.6,-3.9,-0.842,459.3,459.6,1744588776,,LTC
,,,473,443.1,14.2,3.161,463.2,463.4,1744502379,,LTC
,,,454.9,436.2,13.6,3.118,449.1,449.4,1744415972,,LTC
,,,445.1,423.8,-8.6,-1.934,435.9,436.5,1744329553,,LTC
,,,463,401.8,27.1,6.488,444.3,444.7,1744243185,,LTC
,,,433.1,410,-6.1,-1.446,416.8,417.2,1744156741,,LTC
,,,429.8,372,5.5,1.321,422.4,422.7,1744070337,,LTC
,,,488.5,404.6,-69.1,-14.239,415.9,416.4,1743983995,,LTC
,,,499,481,-7.3,-1.48,486.4,486.6,1743897561,,LTC
,,,495.6,463.6,26.3,5.62,495.7,496.2,1743802754,,LTC
,,,482,452.2,6.8,1.46,472.1,472.4,1743724744,,LTC
,,,502.2,462,-13.4,-2.796,465,465.4,1743638391,,LTC
,,,491,475.5,3,0.627,480.8,481.1,1743551944,,LTC
,,,499.9,469.3,-23.3,-4.661,475.8,476.4,1743465537,,LTC
,,,504.4,492.8,3,0.604,499.7,500.2,1743379156,,LTC
,,,510.7,490,-11.1,-2.187,496.1,496.3,1743292763,,LTC
,,,537.4,496.2,-27.2,-5.094,505.7,506.5,1743206349,,LTC
,,,545,530.3,4,0.751,534.1,534.3,1743119956,,LTC
,,,551.3,523.2,-7.3,-1.353,531.6,532.4,1743033530,,LTC
,,,552.1,527.2,8.3,1.574,534.6,534.9,1742871916,,LTC
,,,552.1,521.9,15.6,2.97,540.7,541.9,1742860778,,LTC
,,,536.2,523,-1,-0.19,526,526.2,1742774378,,LTC
,,,532,521.6,3.1,0.593,526.6,527.4,1742687994,,LTC
,,,537.9,519.5,-6.9,-1.301,523.1,523.8,1742601573,,LTC
,,,534.6,512.3,-2.6,-0.488,530.4,531,1742515159,,LTC
,,,533.5,509.7,20.5,3.998,532.3,533.4,1742428771,,LTC
,,,526.9,498,-13,-2.467,513.2,513.3,1742342390,,LTC
,,,545,522.5,4,0.766,525.9,526.9,1742255978,,LTC
,,,536.1,513,-10.9,-2.042,522.4,522.7,1742169553,,LTC
,,,544.7,526.5,6.4,1.212,533.9,534.7,1742083192,,LTC
,,,533.8,510.8,15.8,3.086,527.2,528.5,1741996794,,LTC
,,,534,502,-22.2,-4.157,511.6,512.5,1741910370,,LTC
,,,543,510.8,2.4,0.453,532,532.8,1741823961,,LTC
,,,544.8,491.8,10.4,2.012,527.4,528.2,1741737587,,LTC
,,,579,509.4,-42.6,-7.666,514,514.9,1741651176,,LTC
,,,598.9,549.7,-43.1,-7.21,552.7,554.2,1741564774,,LTC
,,,633.8,595,-5.7,-0.944,596.9,597.8,1741478365,,LTC
,,,619.4,567.5,5.2,0.867,604.2,604.8,1741391985,,LTC
,,,651.4,590.7,-6.3,-1.04,599,599.7,1741305580,,LTC
,,,625.6,592,-4.4,-0.721,605,607.1,1741219176,,LTC
,,,657.6,560,-38.3,-5.887,609.8,610.8,1741132786,,LTC
,,,770.9,635,-106.1,-13.972,652.2,653.1,1741046377,,LTC
,,,769.9,698.9,19,2.582,756.3,757.9,1740959994,,LTC
,,,776,731.2,-21.9,-2.888,735.4,736.3,1740873557,,LTC
,,,767.2,672.2,14.2,1.909,757.7,758.9,1740787180,,LTC
,,,769.1,710,12.1,1.658,742.2,743.2,1740700789,,LTC
,,,750,659.3,66.3,10.006,727.3,728.2,1740614355,,LTC
,,,681,616.6,-5.2,-0.775,661.5,663.3,1740527961,,LTC
,,,750.3,651.2,-80.9,-10.844,663.9,665.1,1740441566,,LTC
,,,750,722.13,24.65,3.4,745.64,746.69,1740355142,,LTC
,,,753.84,723.89,-6.85,-0.94,723.75,725.82,1740268764,,LTC
,,,799.85,712.03,-15.69,-2.1,736.42,737.88,1740182357,,LTC
,,,772.82,720,-25.68,-3.32,745.78,748.04,1740095975,,LTC
,,,797.97,741.78,32.99,4.45,772.82,773.88,1740009563,,LTC
,,,740.97,690.33,35.91,5.1,739.38,741.72,1739923189,,LTC
,,,758,690.21,-18.54,-2.56,704.02,706.02,1739836762,,LTC
,,,783.71,720,-46.78,-6.08,720.86,723.1,1739750363,,LTC
,,,773.1,710.66,51.89,7.24,768.07,769.99,1739663969,,LTC
,,,766.66,710.95,-10.37,-1.43,712.81,714.67,1739577552,,LTC
,,,746,690.93,23.01,3.27,728.97,730.99,1739491194,,LTC
,,,720.37,646.64,13.99,2.03,701.87,703.98,1739404757,,LTC
,,,763.85,682.01,-3.2,-0.46,687.6,689.85,1739318387,,LTC
,,,710.06,627.53,65.67,10.46,695.87,698.03,1739231943,,LTC
,,,636.71,601.55,19.55,3.2,627.52,628.67,1739145556,,LTC
,,,618.15,595.1,8.15,1.35,612.05,617.01,1739059174,,LTC
,,,622,587.37,16.59,2.83,599.71,603.19,1738972736,,LTC
,,,635.12,576.95,-14.98,-2.49,587.54,589.33,1738886384,,LTC
,,,645,582.98,14,2.38,600.21,601.82,1738799954,,LTC
,,,631.99,570,-40.09,-6.38,585.41,586.96,1738713550,,LTC
,,,648,483.44,-9.52,-1.51,621.31,623.26,1738627142,,LTC
,,,715.32,615.84,-50.15,-7.19,644.84,646.68,1738540770,,LTC
,,,768.69,693.06,-51.62,-6.88,694.32,696.47,1738454386,,LTC
,,,791.38,730.25,-10.88,-1.43,748.05,750.49,1738367938,,LTC
,,,788.25,667.39,83.99,12.43,760.68,762.89,1738281572,,LTC
,,,696.71,643.89,26.89,4.14,673.23,675.31,1738195198,,LTC
,,,693.13,640.01,-30.39,-4.47,646.19,648.21,1738108770,,LTC
,,,701.03,636.21,-20.57,-2.94,679.48,681.34,1738022394,,LTC
,,,738.1,700,-36.95,-5.01,700,700.69,1737935954,,LTC
,,,766.3,701.36,34.36,4.89,734.5,735.36,1737849585,,LTC
,,,728,670.1,12.66,1.83,702,704.17,1737763179,,LTC
,,,695.07,665.92,0.82,0.12,689.77,691.78,1737676794,,LTC
,,,728.13,684,-26.11,-3.65,687.55,688.89,1737590353,,LTC
,,,763.1,690.21,-2.54,-0.35,718.69,729.12,1737503937,,LTC
,,,774.34,687.4,8.72,1.23,715.89,718.13,1737417582,,LTC
,,,783.37,687.41,-56.83,-7.42,705.74,732.99,1737331144,,LTC
,,,845,751.71,-66.07,-7.94,765.27,767.37,1737244798,,LTC
,,,847,750.27,86.01,11.53,829.74,832.43,1737158399,,LTC
,,,786.71,664.88,45.18,6.45,745.32,747.14,1737071951,,LTC
,,,710.71,610.55,80.81,13.04,694.65,703.38,1736985578,,LTC
,,,621.7,594.81,18.17,3.02,619.94,621.57,1736899137,,LTC
,,,637.5,570.78,-22.77,-3.65,600,601.36,1736812782,,LTC
,,,646.57,621.85,-18.98,-2.95,624.78,626.58,1736726399,,LTC
,,,646.14,629.65,3.52,0.55,640.76,642.44,1736639988,,LTC
,,,651.25,618.84,17.75,2.85,637.09,639.14,1736553580,,LTC
,,,643.8,610.35,-0.38,-0.06,620.41,622.25,1736467156,,LTC
,,,645.47,611.28,-9.58,-1.52,622.51,624.44,1736380772,,LTC
,,,703.87,628.24,-64.18,-9.22,629.72,631.61,1736294370,,LTC
,,,724.83,684.24,-19.93,-2.78,693.99,696.15,1736207930,,LTC
,,,719.71,686.85,27.53,4,717.66,719.61,1736121599,,LTC
,,,697.58,682.02,-9.9,-1.42,688.81,690.46,1736035191,,LTC
,,,711.76,645,48.85,7.52,691.33,698.63,1735948752,,LTC
,,,674.71,646.79,-3.5,-0.54,648.58,650.62,1735862395,,LTC
,,,671.18,637.32,11.45,1.78,653.83,655.85,1735775999,,LTC
,,,654.32,610.61,24.12,3.9,642.49,644.47,1735689578,,LTC
,,,639.74,605.11,5.77,0.94,609.55,618.79,1735603155,,LTC
,,,634.75,605.01,-13.53,-2.16,610.59,615,1735516761,,LTC
,,,663.87,615,3.03,0.49,625.53,630.44,1735430394,,LTC
,,,661,622.5,-10.76,-1.7,622.54,634.65,1735343970,,LTC
,,,700.99,630,-51.43,-7.51,633.44,635.41,1735257565,,LTC
,,,699.98,666.54,9.25,1.37,684.69,686.82,1735171156,,LTC
,,,693.01,649.26,13.64,2.06,675.35,677,1735084795,,LTC
,,,670.15,607.45,50.33,8.22,663.57,665.74,1734998395,,LTC
,,,640,597,-10.21,-1.64,613.4,615.29,1734911984,,LTC
,,,656.62,593.37,-1.75,-0.28,622.76,624.57,1734825577,,LTC
,,,676,533.4,4.26,0.69,622.74,625.05,1734739148,,LTC
,,,728.39,580.01,-66.78,-9.72,614.57,616.45,1734652798,,LTC
,,,790.09,678.83,-83.41,-10.83,683.58,685.42,1734566353,,LTC
,,,803.5,709,47.46,6.57,760.77,770.37,1734479992,,LTC
,,,753.47,701.83,-13.08,-1.78,721.23,723.44,1734393563,,LTC
,,,738.16,700,6.97,0.96,728.25,736.42,1734307199,,LTC
,,,758.2,700.83,-29.37,-3.87,719.46,721.5,1734220735,,LTC
,,,758.4,706,34.46,4.78,746.27,758.28,1734134373,,LTC
,,,754.84,695.2,19.54,2.78,718.94,721.07,1734047939,,LTC
,,,719.09,648.71,39.38,5.94,702,705.03,1733961561,,LTC
,,,729.97,619,-18.06,-2.65,663.38,670.21,1733875173,,LTC
XRP,BRL,XRP/Real Brasileiro,12.925,12.193,0.584,4.765,12.833,12.848,1749401242,2025-06-08 13:47:22,XRP
,,,12.322,12.079,0.106,0.872,12.25,12.251,1749340765,,XRP
,,,12.349,11.71,0.393,3.342,12.146,12.147,1749254371,,XRP
,,,12.55,11.562,-0.683,-5.478,11.776,11.777,1749167928,,XRP
,,,12.846,12.42,-0.265,-2.081,12.466,12.467,1749081581,,XRP
,,,12.913,12.457,0.217,1.735,12.728,12.729,1748995188,,XRP
,,,12.565,12.192,-0.019,-0.152,12.508,12.51,1748908746,,XRP
,,,12.573,12.271,-0.019,-0.151,12.528,12.532,1748822361,,XRP
,,,12.75,12.04,0.181,1.464,12.544,12.545,1748735971,,XRP
,,,12.841,12.205,-0.472,-3.683,12.345,12.346,1748649554,,XRP
,,,13.187,12.786,-0.172,-1.324,12.813,12.814,1748563185,,XRP
,,,13.206,12.721,-0.186,-1.412,12.991,12.992,1748476757,,XRP
,,,13.394,12.965,-0.011,-0.083,13.176,13.177,1748390395,,XRP
,,,13.405,13.084,-0.16,-1.199,13.187,13.188,1748303990,,XRP
,,,13.354,12.917,0.079,0.595,13.345,13.346,1748217564,,XRP
,,,13.435,13.05,0.194,1.483,13.27,13.272,1748131197,,XRP
,,,14.059,13.026,-0.769,-5.559,13.086,13.089,1748044767,,XRP
,,,13.848,13.466,0.289,2.132,13.842,13.844,1747958367,,XRP
,,,13.764,13.229,0.185,1.384,13.553,13.554,1747871975,,XRP
,,,13.609,13.176,-0.098,-0.727,13.373,13.381,1747785578,,XRP
,,,13.836,13.02,-0.304,-2.205,13.478,13.479,1747699188,,XRP
,,,13.961,13.312,0.33,2.451,13.786,13.803,1747612761,,XRP
,,,13.634,13.139,-0.114,-0.841,13.445,13.447,1747526392,,XRP
,,,13.943,13.386,-0.035,-0.257,13.561,13.564,1747439998,,XRP
,,,14.54,13.4,-0.841,-5.829,13.599,13.604,1747353598,,XRP
,,,14.874,14.188,-0.097,-0.667,14.431,14.433,1747267146,,XRP
,,,14.636,13.82,0.024,0.165,14.533,14.537,1747180757,,XRP
,,,15.12,13.377,1.041,7.73,14.483,14.5,1747094399,,XRP
,,,14.148,13.288,-0.552,-3.935,13.474,13.476,1747007997,,XRP
,,,14.1,13.29,0.744,5.581,14.072,14.078,1746921575,,XRP
,,,13.799,13.029,0.089,0.672,13.332,13.334,1746835177,,XRP
,,,13.243,12.207,1.005,8.212,13.238,13.243,1746748789,,XRP
,,,12.412,12.119,-0.099,-0.803,12.244,12.246,1746662397,,XRP
,,,12.351,11.855,0.184,1.515,12.33,12.331,1746575998,,XRP
,,,12.506,11.979,-0.131,-1.066,12.146,12.153,1746489579,,XRP
,,,12.683,12.477,0.001,0.008,12.54,12.543,1746255684,,XRP
,,,12.7,12.477,-0.053,-0.421,12.557,12.558,1746230365,,XRP
,,,12.852,12.472,0.118,0.945,12.603,12.604,1746143974,,XRP
,,,12.757,12.077,-0.165,-1.304,12.479,12.486,1746057578,,XRP
,,,13.144,12.549,-0.368,-2.826,12.655,12.657,1745971183,,XRP
,,,13.51,12.719,0.12,0.93,13.023,13.024,1745884778,,XRP
,,,13.14,12.365,0.357,2.846,12.9,12.901,1745798379,,XRP
,,,12.863,12.464,0.064,0.513,12.543,12.544,1745711959,,XRP
,,,12.654,12.328,-0.095,-0.756,12.475,12.476,1745625557,,XRP
,,,12.755,12.15,-0.177,-1.388,12.582,12.583,1745539167,,XRP
,,,13.181,12.54,0.029,0.228,12.746,12.747,1745452768,,XRP
,,,12.901,12.022,0.551,4.531,12.702,12.704,1745366374,,XRP
,,,12.51,12.025,-0.015,-0.123,12.167,12.168,1745279994,,XRP
,,,12.318,11.962,-0.085,-0.693,12.184,12.186,1745193560,,XRP
,,,12.288,12.062,0.176,1.456,12.26,12.262,1745107157,,XRP
,,,12.227,11.941,0.036,0.299,12.084,12.088,1745020769,,XRP
,,,12.446,11.978,-0.207,-1.689,12.053,12.054,1744934354,,XRP
,,,12.473,12.006,-0.044,-0.358,12.248,12.25,1744847994,,XRP
,,,12.843,12.293,-0.206,-1.646,12.304,12.313,1744761576,,XRP
,,,12.839,12.403,-0.006,-0.048,12.508,12.509,1744675151,,XRP
,,,13.251,12.289,-0.207,-1.626,12.52,12.521,1744588768,,XRP
,,,12.91,11.826,0.801,6.72,12.726,12.727,1744502359,,XRP
,,,12.139,11.518,0.322,2.771,11.922,11.923,1744415999,,XRP
,,,12.024,11.456,-0.381,-3.174,11.617,11.618,1744329563,,XRP
,,,12.4,10.417,1.186,10.957,12.008,12.015,1744243149,,XRP
,,,11.65,10.726,-0.462,-4.094,10.827,10.831,1744156759,,XRP
,,,11.747,9.512,-0.049,-0.432,11.282,11.283,1744070374,,XRP
,,,12.695,10.997,-1.276,-10.121,11.325,11.335,1743983982,,XRP
,,,12.771,12.406,0.149,1.196,12.609,12.614,1743897561,,XRP
,,,12.579,11.4,0.988,8.527,12.566,12.593,1743802763,,XRP
,,,11.854,11.03,0.147,1.274,11.686,11.687,1743724791,,XRP
,,,12.676,11.322,-0.644,-5.286,11.527,11.547,1743638352,,XRP
,,,12.581,11.84,0.205,1.712,12.182,12.183,1743551967,,XRP
,,,12.424,11.741,-0.438,-3.529,11.966,11.972,1743465587,,XRP
,,,12.867,12.25,0.012,0.097,12.41,12.411,1743379168,,XRP
,,,12.914,11.98,-0.371,-2.898,12.389,12.391,1743292785,,XRP
,,,13.482,12.458,-0.668,-4.959,12.796,12.8,1743206380,,XRP
,,,13.783,13.299,-0.055,-0.407,13.47,13.473,1743119991,,XRP
,,,14.172,13.408,-0.474,-3.387,13.523,13.525,1743033579,,XRP
,,,14.368,13.97,-0.036,-0.257,13.978,13.98,1742871954,,XRP
,,,14.368,13.856,0.125,0.891,14.135,14.144,1742860795,,XRP
,,,14.045,13.654,0.36,2.631,14.031,14.032,1742774357,,XRP
,,,13.933,13.62,-0.029,-0.212,13.676,13.681,1742687954,,XRP
,,,14.044,13.523,-0.132,-0.954,13.706,13.709,1742601582,,XRP
,,,14.492,13.569,-0.567,-3.935,13.852,13.855,1742515170,,XRP
,,,14.743,12.917,1.385,10.633,14.396,14.41,1742428769,,XRP
,,,13.343,12.634,-0.291,-2.182,13.023,13.026,1742342364,,XRP
,,,13.687,13.238,0.054,0.407,13.334,13.335,1742255976,,XRP
,,,13.933,13.134,-0.536,-3.88,13.278,13.283,1742169579,,XRP
,,,14.307,13.605,0.212,1.557,13.814,13.818,1742083182,,XRP
,,,13.72,13.013,0.511,3.904,13.601,13.603,1741996762,,XRP
,,,13.716,12.903,0.053,0.407,13.083,13.088,1741910372,,XRP
,,,13.256,12.469,0.351,2.769,13.027,13.031,1741823993,,XRP
,,,12.904,11.203,0.766,6.446,12.651,12.661,1741737560,,XRP
,,,13.22,11.76,-0.659,-5.267,11.855,11.861,1741651159,,XRP
,,,13.727,12.191,-1.076,-7.918,12.508,12.519,1741564791,,XRP
,,,14.053,13.44,-0.343,-2.465,13.567,13.58,1741478386,,XRP
,,,15.187,13.627,-1.164,-7.72,13.903,13.913,1741391998,,XRP
,,,15.3,14.289,0.642,4.449,15.071,15.072,1741305584,,XRP
,,,14.966,14.135,-0.016,-0.111,14.45,14.454,1741219169,,XRP
,,,14.945,13.156,0.284,2.004,14.45,14.473,1741132792,,XRP
,,,17.559,13.649,-3.225,-18.553,14.158,14.167,1741046376,,XRP
,,,17.767,12.881,4.427,34.138,17.384,17.396,1740959957,,XRP
,,,13.159,12.593,0.255,2.006,12.967,12.971,1740873585,,XRP
,,,12.88,11.491,-0.15,-1.165,12.707,12.715,1740787163,,XRP
,,,13.159,12.548,0.049,0.382,12.866,12.876,1740700774,,XRP
,,,13.68,12.5,-0.563,-4.207,12.828,12.833,1740614373,,XRP
,,,13.645,12.026,0.219,1.657,13.416,13.43,1740527970,,XRP
,,,14.98,12.98,-1.627,-10.978,13.183,13.199,1740441554,,XRP
,,,14.93,14.5,0,0.03,14.8,14.83,1740355159,,XRP
,,,15.03,14.68,0.03,0.19,14.83,14.84,1740268756,,XRP
,,,15.54,14.4,-0.55,-3.59,14.76,14.8,1740182394,,XRP
,,,15.74,15.25,-0.31,-1.98,15.35,15.39,1740095965,,XRP
,,,15.75,14.34,1.07,7.31,15.68,15.71,1740009555,,XRP
,,,15.34,14.17,-0.7,-4.61,14.61,14.64,1739923162,,XRP
,,,15.9,14.94,-0.37,-2.36,15.27,15.3,1739836756,,XRP
,,,16.17,15.55,0.23,1.44,15.85,15.89,1739663983,,XRP
,,,16.22,14.6,0.93,6.35,15.6,15.66,1739577587,,XRP
,,,15.02,13.97,0.46,3.26,14.72,14.77,1739491194,,XRP
,,,14.39,13.5,0.32,2.29,14.23,14.26,1739404753,,XRP
,,,14.54,13.7,-0.08,-0.56,13.91,13.94,1739318345,,XRP
,,,14.33,13.6,-0.08,-0.54,14.02,14.07,1739231998,,XRP
,,,14.62,13.56,-0.15,-1.08,14,14.07,1739145598,,XRP
,,,14.28,13.76,0.26,1.85,14.18,14.18,1739059060,,XRP
,,,14.65,13.16,0.5,3.68,13.96,14.01,1738972787,,XRP
,,,14.38,13.16,-0.41,-2.96,13.42,13.47,1738886351,,XRP
,,,14.89,13.61,-0.69,-4.73,13.82,13.85,1738799967,,XRP
,,,16.2,13.98,-1.09,-6.89,14.64,14.68,1738713550,,XRP
,,,16.27,10.6,0.43,2.79,15.68,15.74,1738627157,,XRP
,,,17.44,14.56,-1.78,-10.45,15.2,15.26,1738540794,,XRP
,,,17.99,16.7,-0.7,-3.94,17,17.04,1738454340,,XRP
,,,18.35,17.6,-0.58,-3.15,17.74,17.77,1738367977,,XRP
,,,18.59,17.73,0.41,2.3,18.31,18.33,1738281554,,XRP
,,,18.36,17.47,-0.03,-0.19,17.82,17.92,1738195154,,XRP
,,,18.94,17.7,-0.14,-0.8,17.94,18.02,1738108755,,XRP
,,,18.1,15.88,0.02,0.13,18.04,18.08,1738022381,,XRP
,,,18.64,17.91,-0.43,-2.33,17.96,18,1737935978,,XRP
,,,18.69,18.3,0.07,0.36,18.42,18.43,1737849554,,XRP
,,,18.97,18.1,-0.16,-0.87,18.35,18.44,1737763186,,XRP
,,,18.99,18.13,-0.4,-2.12,18.45,18.51,1737676749,,XRP
,,,19.66,18.63,-0.21,-1.11,18.92,18.98,1737590381,,XRP
,,,19.59,18.3,0.39,2.09,19.12,19.19,1737503958,,XRP
,,,20.42,17.85,0.73,4.04,18.7,18.81,1737417581,,XRP
,,,20.1,17.3,-1.88,-9.39,18.07,18.1,1737331135,,XRP
,,,20.08,18.64,0.05,0.27,19.95,20.02,1737244751,,XRP
,,,20.12,19.2,0.42,2.15,19.89,19.94,1737158346,,XRP
,,,20.5,17.55,0.75,3.99,19.5,19.52,1737071980,,XRP
,,,19.2,16.05,2.6,16.07,18.79,18.83,1736985572,,XRP
,,,16.39,15.32,0.8,5.16,16.13,16.19,1736899157,,XRP
,,,15.69,14.35,0.12,0.79,15.42,15.44,1736812782,,XRP
,,,15.85,15.1,-0.52,-3.26,15.26,15.32,1736726355,,XRP
,,,15.96,14.26,1.41,9.77,15.8,15.84,1736639946,,XRP
,,,14.5,13.71,0.62,4.52,14.38,14.39,1736553595,,XRP
,,,14.73,13.65,-0.72,-4.95,13.78,13.83,1736467146,,XRP
,,,14.73,13.59,0.55,3.96,14.55,14.61,1736380772,,XRP
,,,15.09,13.86,-0.79,-5.32,13.95,14,1736294379,,XRP
,,,15.1,14.59,-0.19,-1.29,14.72,14.79,1736207986,,XRP
,,,15.07,14.46,-0.12,-0.8,14.87,14.91,1736121548,,XRP
,,,15.5,14.9,-0.18,-1.17,14.97,15.03,1736035198,,XRP
,,,15.34,14.8,0.34,2.29,15.15,15.21,1735948787,,XRP
,,,15.25,14.47,0.41,2.87,14.83,14.87,1735862340,,XRP
,,,14.65,12.95,1.46,11.23,14.45,14.51,1735775944,,XRP
,,,13.35,12.52,0.23,1.79,12.94,13.02,1735689580,,XRP
,,,13.42,12.4,-0.28,-2.13,12.76,12.83,1735603163,,XRP
,,,13.7,12.93,-0.55,-4.05,13.05,13.1,1735516738,,XRP
,,,13.76,13.3,0.24,1.82,13.57,13.64,1735430393,,XRP
,,,13.94,13.15,-0.09,-0.68,13.32,13.41,1735343947,,XRP
,,,14.49,13.23,-0.98,-6.8,13.39,13.4,1735257510,,XRP
,,,14.55,14.14,-0.13,-0.88,14.33,14.39,1735171156,,XRP
,,,14.65,13.8,0.49,3.48,14.49,14.53,1735084743,,XRP
,,,14.23,13.13,0.49,3.61,14.1,14.11,1734998342,,XRP
,,,14.09,13.4,-0.18,-1.34,13.54,13.71,1734911991,,XRP
,,,14.6,13.53,-0.17,-1.22,13.71,13.8,1734825541,,XRP
,,,14.6,12.15,0.08,0.6,13.99,14.05,1734739183,,XRP
,,,15.47,13.33,-0.72,-4.9,13.89,13.9,1734652730,,XRP
,,,15.96,14.2,-1.26,-8.01,14.52,14.58,1734566339,,XRP
,,,16.75,14.91,0.53,3.51,15.71,15.78,1734479987,,XRP
,,,15.7,14.25,0.47,3.21,15.23,15.25,1734393568,,XRP
,,,14.96,14.43,0.32,2.2,14.82,14.89,1734307144,,XRP
,,,15.3,14.35,-0.08,-0.55,14.57,14.62,1734220767,,XRP
,,,14.97,13.8,0.6,4.26,14.58,14.67,1734134358,,XRP
,,,14.9,13.85,-0.26,-1.82,14.07,14.11,1734047994,,XRP
,,,14.94,13.62,-0.09,-0.62,14.33,14.37,1733961596,,XRP
,,,14.85,11.54,0.77,5.59,14.4,14.44,1733875167,,XRP
,,,15.99,12.77,-2.41,-15.08,13.57,13.71,1733788741,,XRP
DOGE,BRL,Dogecoin/Real Brasileiro,1.0484,1.0155,0.0076,0.735,1.0415,1.0423,1749401244,2025-06-08 13:47:24,DOGE
,,,1.0605,1.0005,0.0359,3.569,1.0418,1.0419,1749340798,,DOGE
,,,1.037,0.953,0.0438,4.555,1.0051,1.0052,1749254387,,DOGE
,,,1.0837,0.9449,-0.1035,-9.719,0.9617,0.9618,1749167985,,DOGE
,,,1.117,1.0579,-0.032,-2.917,1.0651,1.0652,1749081575,,DOGE
,,,1.14,1.0855,-0.0162,-1.458,1.0947,1.0949,1748995178,,DOGE
,,,1.1198,1.0762,-0.0009,-0.081,1.1112,1.1114,1748908755,,DOGE
,,,1.1231,1.0774,0.0048,0.433,1.1134,1.1136,1748822390,,DOGE
,,,1.1282,1.074,-0.0107,-0.954,1.111,1.1111,1748735999,,DOGE
,,,1.2328,1.1021,-0.1125,-9.142,1.1182,1.1188,1748649578,,DOGE
,,,1.2991,1.2215,-0.0348,-2.757,1.2269,1.2271,1748563187,,DOGE
,,,1.2951,1.238,-0.0242,-1.883,1.262,1.2621,1748476790,,DOGE
,,,1.3208,1.2565,-0.0041,-0.318,1.2852,1.2855,1748390370,,DOGE
,,,1.3065,1.268,0.0074,0.577,1.2894,1.2902,1748303992,,DOGE
,,,1.2893,1.2297,-0.0007,-0.055,1.2812,1.2814,1748217554,,DOGE
,,,1.3123,1.2724,-0.0011,-0.086,1.2823,1.2824,1748131174,,DOGE
,,,1.4402,1.2717,-0.1177,-8.426,1.2825,1.2829,1748044759,,DOGE
,,,1.3984,1.323,0.0732,5.526,1.3972,1.3983,1747958374,,DOGE
,,,1.3478,1.2659,0.0414,3.226,1.3238,1.3241,1747871995,,DOGE
,,,1.3034,1.2366,0.0121,0.952,1.2834,1.2838,1747785569,,DOGE
,,,1.3373,1.2198,-0.0542,-4.092,1.2706,1.271,1747699160,,DOGE
,,,1.3552,1.2247,0.0943,7.67,1.3237,1.3255,1747612772,,DOGE
,,,1.2658,1.2053,-0.0347,-2.75,1.2257,1.226,1747526363,,DOGE
,,,1.3137,1.2444,0.0109,0.872,1.2601,1.2605,1747439998,,DOGE
,,,1.338,1.2191,-0.066,-5.013,1.2505,1.2508,1747353587,,DOGE
,,,1.3905,1.2855,-0.0404,-2.977,1.3156,1.3159,1747267154,,DOGE
,,,1.3643,1.2412,0.0395,3.001,1.3549,1.3552,1747180782,,DOGE
,,,1.436,1.2624,-0.0045,-0.341,1.3152,1.3161,1747094353,,DOGE
,,,1.4791,1.2682,-0.1072,-7.535,1.3183,1.3195,1747007969,,DOGE
,,,1.4288,1.1564,0.262,22.455,1.4257,1.4284,1746921589,,DOGE
,,,1.2176,1.1,0.0401,3.557,1.1676,1.1677,1746835188,,DOGE
,,,1.1286,0.9901,0.1345,13.565,1.1256,1.1265,1746748758,,DOGE
,,,0.9966,0.973,0.0052,0.528,0.9904,0.9907,1746662377,,DOGE
,,,0.9871,0.9387,0.0128,1.317,0.9851,0.9852,1746575957,,DOGE
,,,0.9917,0.9567,-0.0003,-0.031,0.9716,0.9717,1746489565,,DOGE
,,,1.045,1.0158,-0.0073,-0.713,1.0175,1.0177,1746255665,,DOGE
,,,1.0475,1.02,0.0028,0.272,1.0319,1.0321,1746230357,,DOGE
,,,1.045,0.981,0.0472,4.805,1.0291,1.0294,1746143971,,DOGE
,,,0.9968,0.9486,-0.0058,-0.587,0.9817,0.9818,1746057587,,DOGE
,,,1.025,0.9741,-0.029,-2.853,0.9874,0.9875,1745971197,,DOGE
,,,1.0428,0.993,-0.0122,-1.188,1.0156,1.0163,1745884780,,DOGE
,,,1.0509,1.0123,-0.0136,-1.306,1.0269,1.0271,1745798363,,DOGE
,,,1.1029,1.033,0.0004,0.038,1.0414,1.0417,1745711998,,DOGE
,,,1.0607,1.0123,-0.0026,-0.25,1.0386,1.0389,1745625553,,DOGE
,,,1.0454,0.9738,0.0142,1.383,1.0412,1.0415,1745539175,,DOGE
,,,1.0624,1.0033,0.0001,0.01,1.0265,1.0266,1745452780,,DOGE
,,,1.0319,0.9157,0.0961,10.337,1.0249,1.0258,1745366357,,DOGE
,,,0.9567,0.9094,0.0166,1.822,0.9293,0.9295,1745279971,,DOGE
,,,0.9355,0.8947,-0.0147,-1.59,0.91,0.9103,1745193586,,DOGE
,,,0.9417,0.9169,0.0006,0.065,0.924,0.9241,1745107166,,DOGE
,,,0.9309,0.8977,0.0148,1.628,0.9239,0.924,1745020760,,DOGE
,,,0.9288,0.901,-0.0022,-0.242,0.9085,0.9086,1744934364,,DOGE
,,,0.9251,0.886,0.0047,0.519,0.9102,0.9104,1744847953,,DOGE
,,,0.9487,0.903,-0.026,-2.79,0.9061,0.9068,1744761559,,DOGE
,,,0.9971,0.9261,-0.0282,-2.935,0.932,0.9322,1744675173,,DOGE
,,,0.9927,0.95,-0.0266,-2.694,0.9601,0.9604,1744588765,,DOGE
,,,0.998,0.9318,0.0472,5.015,0.9877,0.9879,1744502397,,DOGE
,,,0.955,0.9071,0.0354,3.897,0.9435,0.9436,1744415988,,DOGE
,,,0.9377,0.8869,-0.0289,-3.083,0.9083,0.9087,1744329557,,DOGE
,,,0.9577,0.8249,0.0789,9.187,0.9372,0.9375,1744243181,,DOGE
,,,0.9249,0.8528,-0.0317,-3.565,0.8575,0.8579,1744156773,,DOGE
,,,0.9051,0.7661,0.0107,1.218,0.8883,0.8888,1744070382,,DOGE
,,,0.9992,0.8611,-0.1139,-11.468,0.8797,0.8801,1743983966,,DOGE
,,,1.0073,0.9772,-0.0088,-0.878,0.9934,0.9936,1743897587,,DOGE
,,,1.0068,0.9021,0.1047,11.606,1.0064,1.0069,1743802780,,DOGE
,,,0.9527,0.8749,-0.0155,-1.66,0.9187,0.9189,1743724788,,DOGE
,,,1.025,0.9244,-0.0563,-5.68,0.9349,0.9352,1743638393,,DOGE
,,,1.0025,0.9527,0.0365,3.824,0.9907,0.991,1743551956,,DOGE
,,,0.9737,0.929,-0.0121,-1.251,0.9544,0.9545,1743465568,,DOGE
,,,1.001,0.9569,-0.0184,-1.871,0.9665,0.9669,1743379162,,DOGE
,,,1.0594,0.9645,-0.059,-5.649,0.9838,0.9842,1743292764,,DOGE
,,,1.109,1.0256,-0.0513,-4.68,1.0448,1.0451,1743206380,,DOGE
,,,1.1526,1.08,-0.0266,-2.369,1.0962,1.0966,1743119980,,DOGE
,,,1.1742,1.0837,0.0319,2.929,1.1222,1.1226,1743033558,,DOGE
,,,1.0904,0.9956,0.0673,6.752,1.0651,1.0657,1742871919,,DOGE
,,,1.0904,0.98,0.0627,6.314,1.0565,1.0573,1742860777,,DOGE
,,,0.9935,0.9629,0.0286,2.966,0.9925,0.9928,1742774374,,DOGE
,,,0.9774,0.9619,0.001,0.104,0.9655,0.9658,1742687963,,DOGE
,,,0.9772,0.945,-0.0015,-0.156,0.9629,0.9631,1742601572,,DOGE
,,,1.0143,0.9463,-0.0443,-4.395,0.9634,0.9636,1742515170,,DOGE
,,,1.0114,0.9509,0.0521,5.452,1.0075,1.0079,1742428777,,DOGE
,,,0.9885,0.9265,-0.0303,-3.066,0.958,0.9583,1742342357,,DOGE
,,,1.0067,0.9727,0.015,1.541,0.9883,0.9885,1742255975,,DOGE
,,,1.0219,0.96,-0.0427,-4.201,0.9733,0.9736,1742169591,,DOGE
,,,1.0281,0.9897,0.0253,2.553,1.0165,1.0169,1742083187,,DOGE
,,,1.0108,0.9578,0.032,3.333,0.9926,0.9928,1741996764,,DOGE
,,,1.0062,0.9415,-0.0444,-4.42,0.9604,0.9607,1741910387,,DOGE
,,,1.0143,0.9312,0.0417,4.339,1.003,1.0031,1741823980,,DOGE
,,,0.9815,0.8444,0.0528,5.829,0.9587,0.9591,1741737554,,DOGE
,,,1.0559,0.8876,-0.0792,-8.041,0.9067,0.9073,1741651199,,DOGE
,,,1.1338,0.9678,-0.1391,-12.384,0.9836,0.984,1741564780,,DOGE
,,,1.1711,1.1174,-0.0337,-2.914,1.1223,1.1226,1741478356,,DOGE
,,,1.2073,1.108,-0.0132,-1.128,1.1561,1.1565,1741391998,,DOGE
,,,1.2696,1.1524,-0.0155,-1.31,1.1682,1.169,1741305593,,DOGE
,,,1.2123,1.1547,0.0115,0.982,1.1833,1.1836,1741219191,,DOGE
,,,1.1926,1.0864,-0.0076,-0.644,1.1719,1.1736,1741132756,,DOGE
,,,1.4229,1.1489,-0.24,-16.874,1.1812,1.1821,1741046378,,DOGE
,,,1.4344,1.1963,0.192,15.684,1.4161,1.4164,1740959977,,DOGE
,,,1.239,1.1835,0.0287,2.4,1.2241,1.2246,1740873561,,DOGE
,,,1.2129,1.0675,-0.0148,-1.223,1.1955,1.196,1740787189,,DOGE
,,,1.2335,1.1728,0.0259,2.185,1.2101,1.2107,1740700763,,DOGE
,,,1.2354,1.1392,-0.0355,-2.905,1.1862,1.1868,1740614397,,DOGE
,,,1.2431,1.1423,0,0,1.2217,1.2228,1740527982,,DOGE
,,,1.4027,1.1966,-0.1764,-12.626,1.2207,1.2214,1740441577,,DOGE
,,,1.4191,1.3837,-0.0181,-1.27,1.3933,1.4003,1740355105,,DOGE
,,,1.4309,1.3773,0.0391,2.83,1.4164,1.4234,1740268761,,DOGE
,,,1.4926,1.3509,-0.0591,-4.11,1.3735,1.38,1740182369,,DOGE
,,,1.469,1.4313,-0.0155,-1.06,1.4523,1.4602,1740095953,,DOGE
,,,1.4622,1.4268,0.0246,1.72,1.4546,1.4622,1740009598,,DOGE
,,,1.4904,1.3872,-0.0531,-3.58,1.4301,1.432,1739923187,,DOGE
,,,1.5436,1.4595,-0.0394,-2.59,1.4835,1.4914,1739836796,,DOGE
,,,1.5721,1.5158,-0.0476,-3.03,1.5229,1.5313,1739750385,,DOGE
,,,1.6099,1.5322,0.0379,2.47,1.5572,1.5657,1739663874,,DOGE
,,,1.6345,1.5075,0.0247,1.64,1.549,1.5571,1739577489,,DOGE
,,,1.5336,1.4729,-0.021,-1.38,1.5094,1.5169,1739491169,,DOGE
,,,1.5401,1.4394,0.0729,5.01,1.5195,1.5272,1739404768,,DOGE
,,,1.5425,1.4316,-0.0137,-0.93,1.4568,1.465,1739318397,,DOGE
,,,1.4842,1.4357,0.0176,1.22,1.4772,1.4848,1739231919,,DOGE
,,,1.5105,1.4099,-0.0362,-2.43,1.4541,1.4623,1739145575,,DOGE
,,,1.4879,1.4375,0.0491,3.41,1.4775,1.4861,1739059178,,DOGE
,,,1.508,1.4,0.0031,0.22,1.4362,1.4439,1738972764,,DOGE
,,,1.5463,1.41,-0.0486,-3.27,1.4302,1.4381,1738886374,,DOGE
,,,1.5668,1.4785,-0.0397,-2.61,1.4843,1.4925,1738799985,,DOGE
,,,1.684,1.478,-0.1268,-7.68,1.5235,1.5319,1738713564,,DOGE
,,,1.7,1.2103,0.064,4.04,1.6533,1.6624,1738627153,,DOGE
,,,1.8527,1.4866,-0.2216,-12.25,1.5783,1.5868,1738540781,,DOGE
,,,1.9401,1.7892,-0.1067,-5.57,1.8101,1.82,1738454390,,DOGE
,,,1.9922,1.8986,-0.0449,-2.29,1.9188,1.9292,1738367959,,DOGE
,,,1.9922,1.88,0.0597,3.14,1.9355,1.9458,1738281568,,DOGE
,,,1.9584,1.8692,0.0293,1.57,1.88,1.89,1738195141,,DOGE
,,,2.0086,1.8598,-0.1106,-5.58,1.8679,1.8779,1738108776,,DOGE
,,,2.11,1.92,-0.09,-4.33,1.99,1.99,1736784575,,DOGE
,,,2.1,2.03,-0.04,-1.91,2.05,2.05,1736725281,,DOGE
,,,2.13,2.02,0.04,1.95,2.09,2.09,1736639725,,DOGE
,,,2.06,1.94,0.11,5.67,2.05,2.05,1736552590,,DOGE
,,,2.11,1.9,-0.15,-7.18,1.94,1.94,1736466277,,DOGE
,,,2.16,2.01,-0.04,-1.88,2.09,2.09,1736379111,,DOGE
,,,2.43,2.12,-0.24,-10.13,2.13,2.13,1736293919,,DOGE
,,,2.41,2.33,0.01,0.42,2.37,2.37,1736204471,,DOGE
,,,2.45,2.33,-0.08,-3.28,2.36,2.36,1736119413,,DOGE
,,,2.46,2.34,0.09,3.83,2.44,2.44,1736034867,,DOGE
,,,2.4,2.07,0.26,12.44,2.35,2.35,1735947961,,DOGE
,,,2.19,2.04,0.05,2.45,2.09,2.09,1735861323,,DOGE
,,,2.05,1.93,0.09,4.62,2.04,2.04,1735774840,,DOGE
,,,2.03,1.91,0.01,0.52,1.95,1.95,1735687557,,DOGE
,,,2.01,1.9,-0.01,-0.51,1.94,1.94,1735603044,,DOGE
,,,2.04,1.93,-0.06,-2.99,1.95,1.95,1735515306,,DOGE
,,,2.02,1.93,0.08,4.15,2.01,2.01,1735429755,,DOGE
,,,2,1.92,0,0,1.93,1.93,1735343437,,DOGE
,,,2.27,1.91,-0.32,-14.22,1.93,1.93,1735256473,,DOGE
,,,2.25,2.06,0.17,8.17,2.25,2.25,1735168092,,DOGE
,,,2.1,1.96,0.08,4,2.08,2.08,1735082255,,DOGE
,,,2.03,1.85,0.1,5.26,2,2,1734997010,,DOGE
,,,1.97,1.86,-0.05,-2.56,1.9,1.9,1734911945,,DOGE
,,,2.12,1.92,0.02,1.04,1.95,1.95,1734825509,,DOGE
,,,2.01,1.64,-0.01,-0.52,1.93,1.93,1734738554,,DOGE
,,,2.31,1.86,-0.31,-13.78,1.94,1.94,1734652666,,DOGE
,,,2.42,2.25,-0.16,-6.64,2.25,2.25,1734566173,,DOGE
,,,2.52,2.4,-0.07,-2.82,2.41,2.41,1734479556,,DOGE
,,,2.51,2.38,0.02,0.81,2.48,2.48,1734393120,,DOGE
,,,2.47,2.38,0.05,2.07,2.46,2.46,1734306894,,DOGE
,,,2.49,2.35,-0.05,-2.03,2.41,2.41,1734219947,,DOGE
,,,2.49,2.4,0.03,1.23,2.46,2.46,1734133331,,DOGE
,,,2.52,2.41,-0.04,-1.62,2.43,2.43,1734046032,,DOGE
,,,2.52,2.28,0.09,3.78,2.47,2.47,1733960982,,DOGE
,,,2.55,2.23,-0.14,-5.56,2.38,2.38,1733874288,,DOGE
,,,2.84,2.46,-0.32,-11.27,2.52,2.52,1733788725,,DOGE
,,,2.92,2.73,0.07,2.53,2.84,2.84,1733701927,,DOGE
,,,2.82,2.63,0.12,4.53,2.77,2.77,1733615511,,DOGE
,,,2.68,2.53,0.07,2.71,2.65,2.65,1733529591,,DOGE
,,,2.77,2.45,-0.01,-0.39,2.58,2.58,1733442853,,DOGE
,,,2.62,2.43,0.12,4.86,2.59,2.59,1733356483,,DOGE
,,,2.59,2.4,-0.1,-3.89,2.47,2.47,1733270133,,DOGE
,,,2.74,2.46,-0.06,-2.28,2.57,2.57,1733183103,,DOGE
,,,2.67,2.5,0.11,4.37,2.63,2.63,1733097328,,DOGE
,,,2.59,2.48,-0.02,-0.79,2.52,2.52,1733009302,,DOGE
,,,2.6,2.41,0.12,4.96,2.54,2.54,1732922431,,DOGE
,,,2.52,2.35,0.03,1.26,2.42,2.42,1732837346,,DOGE
,,,2.41,2.22,0.15,6.7,2.39,2.39,1732751248,,DOGE
,,,2.37,2.14,-0.04,-1.75,2.24,2.24,1732665272,,DOGE
SOL,BRL,Solana/Real Brasileiro,857.3,832.4,9.4,1.11,856.1,856.2,1749401247,2025-06-08 13:47:27,SOL
,,,857.3,826.5,13.1,1.576,844.5,844.6,1749340776,,SOL
,,,858.7,810.7,19.6,2.416,831,831.1,1749254386,,SOL
,,,876,795,-56.6,-6.522,811.2,811.3,1749167997,,SOL
,,,894.8,866.3,-12.4,-1.409,867.6,867.7,1749081587,,SOL
,,,928,874,-12.8,-1.434,880,880.1,1748995188,,SOL
,,,914.2,865.3,-13.6,-1.5,893.4,893.5,1748908798,,SOL
,,,909.4,870,4.2,0.465,906.8,907,1748822360,,SOL
,,,911.9,880.1,0.4,0.044,902.9,903.1,1748735989,,SOL
,,,955.2,894.4,-50.8,-5.337,901.4,901.7,1748649559,,SOL
,,,999,920,-31.4,-3.194,951.6,951.7,1748563196,,SOL
,,,1008.8,965.8,-20.8,-2.07,983.6,983.8,1748476781,,SOL
,,,1022.3,979.3,6.8,0.681,1004.9,1005,1748390354,,SOL
,,,1017.9,988.4,-2.8,-0.28,998.5,998.7,1748303985,,SOL
,,,1007,963.9,-1.7,-0.17,1001.3,1001.6,1748217577,,SOL
,,,1015.5,984.7,10.3,1.039,1001.9,1002,1748131160,,SOL
,,,1065.4,988.5,-32.5,-3.177,991.4,991.5,1748044782,,SOL
,,,1025.2,975.7,41.3,4.206,1022.8,1022.9,1747958378,,SOL
,,,993.6,940,25.1,2.623,981.1,981.9,1747871991,,SOL
,,,977.6,934.3,11.3,1.195,956.9,957.1,1747785562,,SOL
,,,986.4,909,-41.7,-4.227,944.7,945,1747699188,,SOL
,,,1008.2,940,35.7,3.766,984.9,985.9,1747612785,,SOL
,,,970,935.6,-6,-0.629,948.1,948.3,1747526391,,SOL
,,,994.4,947.5,-10.2,-1.058,953.9,954,1747439953,,SOL
,,,1009,943.3,-35.6,-3.562,963.5,963.9,1747353563,,SOL
,,,1039.9,976.2,-34.9,-3.376,998.9,999,1747267140,,SOL
,,,1039.2,947.3,41.7,4.203,1033.5,1033.9,1747180791,,SOL
,,,1034.7,960,6.5,0.659,992,992.2,1747094372,,SOL
,,,1026.7,965.5,-27.4,-2.703,986,986.1,1747007983,,SOL
,,,1018.5,959.1,29.8,3.032,1012.8,1013.1,1746921572,,SOL
,,,1001.1,917.6,47.8,5.112,982.3,982.9,1746835182,,SOL
,,,935.4,847.4,86.1,10.138,935.6,935.9,1746748791,,SOL
,,,854.7,830.7,8.2,0.976,848.4,848.5,1746662399,,SOL
,,,842.2,808.9,4.9,0.587,840.2,840.3,1746575986,,SOL
,,,841.8,802.5,14.2,1.73,835.1,835.2,1746489572,,SOL
,,,858.7,836.5,-5.7,-0.674,840.5,840.6,1746255661,,SOL
,,,863.8,836.5,-18.1,-2.106,841.6,841.7,1746230343,,SOL
,,,876.7,840.7,18.8,2.236,859.4,859.5,1746143981,,SOL
,,,843.8,798.5,13.6,1.644,840.8,841,1746057566,,SOL
,,,849.3,819.2,-11.8,-1.406,827.2,827.3,1745971190,,SOL
,,,876.6,828.8,-9.5,-1.12,838.8,838.9,1745884788,,SOL
,,,861.3,833.9,-5.2,-0.609,847.9,848,1745798378,,SOL
,,,874.7,847.4,-8.1,-0.939,854.4,854.5,1745711971,,SOL
,,,895,856.5,-7.8,-0.896,862.7,862.8,1745625560,,SOL
,,,872.5,832.7,2.1,0.242,870,870.1,1745539166,,SOL
,,,880.1,843.1,14.4,1.686,868.4,868.6,1745452773,,SOL
,,,862,784.8,57.1,7.166,853.6,853.8,1745366378,,SOL
,,,835.7,781.4,-10.7,-1.324,797.2,797.3,1745279949,,SOL
,,,833.3,796.1,-13.6,-1.655,808,808.1,1745193575,,SOL
,,,824,783,34.4,4.372,821.2,821.5,1745107165,,SOL
,,,793.4,775.6,0.5,0.064,785.4,786,1745020794,,SOL
,,,797.5,762.7,13.1,1.696,786.2,786.3,1744934385,,SOL
,,,787.3,728.5,27.8,3.735,772.3,772.4,1744847960,,SOL
,,,790.8,742.1,-16.6,-2.182,744,744.8,1744761557,,SOL
,,,801.3,754.3,2,0.264,760.5,760.6,1744675166,,SOL
,,,788,739.4,-21.4,-2.745,758.3,758.4,1744588794,,SOL
,,,789.4,705.6,64,8.942,779.7,779.8,1744502373,,SOL
,,,721,663.4,49.8,7.472,715.7,715.8,1744415957,,SOL
,,,697.6,644.2,-28.7,-4.123,666.7,666.9,1744329577,,SOL
,,,708.2,611.8,60.4,9.501,696.1,696.2,1744243197,,SOL
,,,668.2,618.3,0.1,0.016,635.6,635.7,1744156784,,SOL
,,,659.4,561.6,11.6,1.857,635.7,635.8,1744070376,,SOL
,,,711.9,612.5,-83.2,-11.761,623.9,624.1,1743983996,,SOL
,,,719.4,689.1,-11,-1.531,707.2,707.5,1743897573,,SOL
,,,725.4,643,67.7,10.301,723.2,723.6,1743802794,,SOL
,,,691.4,631.2,-5.6,-0.837,663.1,663.4,1743724765,,SOL
,,,773.9,669.1,-52.2,-7.235,669.3,669.6,1743638376,,SOL
,,,744.5,710,8.4,1.178,721.5,721.7,1743551969,,SOL
,,,739,711.5,-10,-1.38,714.5,714.7,1743465554,,SOL
,,,736.7,714.4,1.5,0.207,724.9,725.2,1743379199,,SOL
,,,757.2,713.6,-27.6,-3.677,723.2,723.4,1743292797,,SOL
,,,800,738.9,-45.8,-5.751,750.7,750.8,1743206345,,SOL
,,,805.9,783.2,6,0.759,796.6,796.7,1743119993,,SOL
,,,832,782.8,-31.2,-3.797,790.5,790.8,1743033594,,SOL
,,,833.2,779.5,24.8,3.179,804.3,804.4,1742871928,,SOL
,,,833.2,759.8,49.8,6.517,813.6,813.7,1742860761,,SOL
,,,771,740,22.1,2.98,763.8,764,1742774371,,SOL
,,,759.2,736.4,1.3,0.176,741.4,741.6,1742687955,,SOL
,,,748,715.7,14.8,2.039,740.2,740.5,1742601566,,SOL
,,,769.7,719.6,-42,-5.474,725.3,725.5,1742515165,,SOL
,,,770.4,707,52.8,7.389,767.1,767.4,1742428766,,SOL
,,,730.8,695.5,-15.6,-2.136,714.5,714.6,1742342383,,SOL
,,,748.7,719.1,-0.3,-0.041,730.1,730.4,1742255976,,SOL
,,,790.6,724.1,-57.2,-7.279,729.9,730.2,1742169593,,SOL
,,,788.5,765.6,14.8,1.922,784.9,785.2,1742083159,,SOL
,,,785.2,715.3,51.6,7.192,769.1,770,1741996764,,SOL
,,,749.4,702.8,-19.6,-2.66,717.3,717.5,1741910389,,SOL
,,,766.4,707.7,4.7,0.642,736.5,736.8,1741823983,,SOL
,,,748.3,661.2,34.2,4.908,731.1,731.2,1741737567,,SOL
,,,768.8,681,-45.9,-6.195,695.6,696.5,1741651188,,SOL
,,,816.8,734.5,-59.7,-7.461,740.5,741.2,1741564769,,SOL
,,,822.8,791.4,-12.8,-1.575,799.9,800,1741478358,,SOL
,,,877.1,785.8,-19.9,-2.395,811.5,811.9,1741391966,,SOL
,,,884.6,824.3,-14.6,-1.727,830.9,831.4,1741305599,,SOL
,,,880.5,816.9,-6.8,-0.797,846,846.4,1741219156,,SOL
,,,862.9,776.9,9.7,1.152,852.6,853.9,1741132772,,SOL
,,,1061.2,827,-215.4,-20.346,843.7,844,1741046377,,SOL
,,,1072.8,830.7,207.7,24.418,1058.3,1059,1740959967,,SOL
,,,897,817.4,-27.2,-3.099,850.3,850.7,1740873596,,SOL
,,,880.3,738.6,72.1,8.949,877.3,877.6,1740787175,,SOL
,,,831.9,787.5,17.5,2.219,805.8,806.2,1740700771,,SOL
,,,837.4,758.7,-45.8,-5.49,788.3,788.5,1740614354,,SOL
,,,849,768.4,9.5,1.154,832.6,834.2,1740527955,,SOL
,,,974.6,800,-142.9,-14.801,822.4,823,1740441554,,SOL
